<?xml version="1.0" encoding="UTF-8"?>
<!DOCTYPE hibernate-mapping PUBLIC "-//Hibernate/Hibernate Mapping DTD 3.0//EN" "http://hibernate.sourceforge.net/hibernate-mapping-3.0.dtd" >
<hibernate-mapping>

<class table="student_details" name="attendanceManagementSystem.Attendance_details">


<id name="id" >

<generator class="increment"></generator>
</id>
<property name="studentname"></property>
<property name="address"></property>
<property name="gender"></property>
<property name="dateofbirth"></property>
<property name="subject"></property>
<property name="studentimage"></property>

</class>




</hibernate-mapping>